{"btc": 9621.56, "eth": 241.34, "usdt": 1.999324, "xrp": 0.188076, "ltc": 44.06, "bnb": 16.36, "eos": 2.57, "xmr": 65.68, "LIBRA": null}